{
  "global": {
    "91": {
      "2015": {
        "Africa": {
          "celebrity, arts and media, sports": {
            "no": 0.0175438596491228,
            "yes": 0
          },
          "crime and violence": {
            "no": 0.0526315789473684,
            "yes": 0.133333333333333
          },
          "economy": {
            "no": 0.12280701754386,
            "yes": 0.0222222222222222
          },
          "other": {
            "no": 0,
            "yes": 0.0222222222222222
          },
          "politics and government": {
            "no": 0.56140350877193,
            "yes": 0.6
          },
          "science and health": {
            "no": 0.087719298245614,
            "yes": 0
          },
          "social and legal": {
            "no": 0.157894736842105,
            "yes": 0.222222222222222
          }
        },
        "Asia": {
          "celebrity, arts and media, sports": {
            "no": 0.18546365914787,
            "yes": 0.0666666666666667
          },
          "crime and violence": {
            "no": 0.105263157894737,
            "yes": 0.23030303030303
          },
          "economy": {
            "no": 0.130325814536341,
            "yes": 0.0121212121212121
          },
          "other": {
            "no": 0,
            "yes": 0.00606060606060606
          },
          "politics and government": {
            "no": 0.303258145363409,
            "yes": 0.242424242424242
          },
          "science and health": {
            "no": 0.0401002506265664,
            "yes": 0.0484848484848485
          },
          "social and legal": {
            "no": 0.235588972431078,
            "yes": 0.393939393939394
          }
        },
        "Caribbean": {
          "celebrity, arts and media, sports": {
            "no": 0.181818181818182,
            "yes": 0.0710059171597633
          },
          "crime and violence": {
            "no": 0.10955710955711,
            "yes": 0.224852071005917
          },
          "economy": {
            "no": 0.137529137529138,
            "yes": 0.0118343195266272
          },
          "other": {
            "no": 0,
            "yes": 0.0118343195266272
          },
          "politics and government": {
            "no": 0.296037296037296,
            "yes": 0.242603550295858
          },
          "science and health": {
            "no": 0.0442890442890443,
            "yes": 0.0473372781065089
          },
          "social and legal": {
            "no": 0.230769230769231,
            "yes": 0.390532544378698
          }
        },
        "Europe": {
          "celebrity, arts and media, sports": {
            "no": 0.111328125,
            "yes": 0.082089552238806
          },
          "crime and violence": {
            "no": 0.14404296875,
            "yes": 0.220149253731343
          },
          "economy": {
            "no": 0.1259765625,
            "yes": 0.0335820895522388
          },
          "other": {
            "no": 0.0087890625,
            "yes": 0.00746268656716418
          },
          "politics and government": {
            "no": 0.2705078125,
            "yes": 0.238805970149254
          },
          "science and health": {
            "no": 0.0537109375,
            "yes": 0.041044776119403
          },
          "social and legal": {
            "no": 0.28564453125,
            "yes": 0.376865671641791
          }
        },
        "Latin America": {
          "celebrity, arts and media, sports": {
            "no": 0.123131392604249,
            "yes": 0.0792079207920792
          },
          "crime and violence": {
            "no": 0.149881982690795,
            "yes": 0.224422442244224
          },
          "economy": {
            "no": 0.12234461054288,
            "yes": 0.033003300330033
          },
          "other": {
            "no": 0.00708103855232101,
            "yes": 0.0066006600660066
          },
          "politics and government": {
            "no": 0.261605035405193,
            "yes": 0.240924092409241
          },
          "science and health": {
            "no": 0.0558615263571991,
            "yes": 0.0396039603960396
          },
          "social and legal": {
            "no": 0.280094413847364,
            "yes": 0.376237623762376
          }
        },
        "Middle East": {
          "celebrity, arts and media, sports": {
            "no": 0.122014925373134,
            "yes": 0.0786885245901639
          },
          "crime and violence": {
            "no": 0.150746268656716,
            "yes": 0.226229508196721
          },
          "economy": {
            "no": 0.119402985074627,
            "yes": 0.0327868852459016
          },
          "other": {
            "no": 0.00783582089552239,
            "yes": 0.00655737704918033
          },
          "politics and government": {
            "no": 0.27089552238806,
            "yes": 0.239344262295082
          },
          "science and health": {
            "no": 0.057089552238806,
            "yes": 0.039344262295082
          },
          "social and legal": {
            "no": 0.272014925373134,
            "yes": 0.377049180327869
          }
        },
        "North America": {
          "celebrity, arts and media, sports": {
            "no": 0.114911080711354,
            "yes": 0.0761904761904762
          },
          "crime and violence": {
            "no": 0.168946648426813,
            "yes": 0.231746031746032
          },
          "economy": {
            "no": 0.113201094391245,
            "yes": 0.0317460317460317
          },
          "other": {
            "no": 0.00718194254445964,
            "yes": 0.00634920634920635
          },
          "politics and government": {
            "no": 0.269493844049248,
            "yes": 0.234920634920635
          },
          "science and health": {
            "no": 0.0605335157318741,
            "yes": 0.0380952380952381
          },
          "social and legal": {
            "no": 0.265731874145007,
            "yes": 0.380952380952381
          }
        },
        "Pacific Island": {
          "celebrity, arts and media, sports": {
            "no": 0.114666666666667,
            "yes": 0.0757097791798107
          },
          "crime and violence": {
            "no": 0.171666666666667,
            "yes": 0.230283911671924
          },
          "economy": {
            "no": 0.113333333333333,
            "yes": 0.0315457413249211
          },
          "other": {
            "no": 0.007,
            "yes": 0.00630914826498423
          },
          "politics and government": {
            "no": 0.267,
            "yes": 0.233438485804416
          },
          "science and health": {
            "no": 0.0616666666666667,
            "yes": 0.0410094637223975
          },
          "social and legal": {
            "no": 0.264666666666667,
            "yes": 0.381703470031546
          }
        },
        "Transnational": {
          "celebrity, arts and media, sports": {
            "no": 0.114695340501792,
            "yes": 0.0745341614906832
          },
          "crime and violence": {
            "no": 0.173346366894754,
            "yes": 0.232919254658385
          },
          "economy": {
            "no": 0.111111111111111,
            "yes": 0.031055900621118
          },
          "other": {
            "no": 0.00684261974584555,
            "yes": 0.0062111801242236
          },
          "politics and government": {
            "no": 0.267513848159009,
            "yes": 0.236024844720497
          },
          "science and health": {
            "no": 0.0619094167481264,
            "yes": 0.0403726708074534
          },
          "social and legal": {
            "no": 0.264581296839361,
            "yes": 0.37888198757764
          }
        }
      }
    }
  }
}