{
  "global": {
    "30": {
      "2015": {
        "africa": {
          "female": {
            "%": {
              "celebrity, arts and media, sports": 0.0599250936329588,
              "crime and violence": 0.119850187265918,
              "economy": 0.217228464419476,
              "other": 0.00749063670411985,
              "politics and government": 0.247191011235955,
              "science and health": 0.127340823970037,
              "social and legal": 0.220973782771536
            },
            "n": {
              "celebrity, arts and media, sports": 16,
              "crime and violence": 32,
              "economy": 58,
              "other": 2,
              "politics and government": 66,
              "science and health": 34,
              "social and legal": 59
            }
          },
          "male": {
            "%": {
              "celebrity, arts and media, sports": 0.062,
              "crime and violence": 0.124,
              "economy": 0.244,
              "other": 0.004,
              "politics and government": 0.306,
              "science and health": 0.076,
              "social and legal": 0.184
            },
            "n": {
              "celebrity, arts and media, sports": 31,
              "crime and violence": 62,
              "economy": 122,
              "other": 2,
              "politics and government": 153,
              "science and health": 38,
              "social and legal": 92
            }
          }
        },
        "asia": {
          "female": {
            "%": {
              "celebrity, arts and media, sports": 0.081145584725537,
              "crime and violence": 0.100238663484487,
              "economy": 0.124105011933174,
              "other": 0.0405727923627685,
              "politics and government": 0.20763723150358,
              "science and health": 0.186157517899761,
              "social and legal": 0.260143198090692
            },
            "n": {
              "celebrity, arts and media, sports": 34,
              "crime and violence": 42,
              "economy": 52,
              "other": 17,
              "politics and government": 87,
              "science and health": 78,
              "social and legal": 109
            }
          },
          "male": {
            "%": {
              "celebrity, arts and media, sports": 0.164654226125137,
              "crime and violence": 0.120746432491767,
              "economy": 0.12403951701427,
              "other": 0.0197585071350165,
              "politics and government": 0.215148188803513,
              "science and health": 0.0724478594950604,
              "social and legal": 0.283205268935236
            },
            "n": {
              "celebrity, arts and media, sports": 150,
              "crime and violence": 110,
              "economy": 113,
              "other": 18,
              "politics and government": 196,
              "science and health": 66,
              "social and legal": 258
            }
          }
        },
        "caribbean": {
          "female": {
            "%": {
              "celebrity, arts and media, sports": 0.116279069767442,
              "crime and violence": 0.0813953488372093,
              "economy": 0.22093023255814,
              "other": 0.0232558139534884,
              "politics and government": 0.232558139534884,
              "science and health": 0.104651162790698,
              "social and legal": 0.22093023255814
            },
            "n": {
              "celebrity, arts and media, sports": 10,
              "crime and violence": 7,
              "economy": 19,
              "other": 2,
              "politics and government": 20,
              "science and health": 9,
              "social and legal": 19
            }
          },
          "male": {
            "%": {
              "celebrity, arts and media, sports": 0.146788990825688,
              "crime and violence": 0.165137614678899,
              "economy": 0.220183486238532,
              "other": 0.00917431192660551,
              "politics and government": 0.220183486238532,
              "science and health": 0.0275229357798165,
              "social and legal": 0.211009174311927
            },
            "n": {
              "celebrity, arts and media, sports": 16,
              "crime and violence": 18,
              "economy": 24,
              "other": 1,
              "politics and government": 24,
              "science and health": 3,
              "social and legal": 23
            }
          }
        },
        "europe": {
          "female": {
            "%": {
              "celebrity, arts and media, sports": 0.115789473684211,
              "crime and violence": 0.0939271255060729,
              "economy": 0.140890688259109,
              "other": 0.0097165991902834,
              "politics and government": 0.165991902834008,
              "science and health": 0.0842105263157895,
              "social and legal": 0.389473684210526
            },
            "n": {
              "celebrity, arts and media, sports": 143,
              "crime and violence": 116,
              "economy": 174,
              "other": 12,
              "politics and government": 205,
              "science and health": 104,
              "social and legal": 481
            }
          },
          "male": {
            "%": {
              "celebrity, arts and media, sports": 0.0936311787072243,
              "crime and violence": 0.112642585551331,
              "economy": 0.111216730038023,
              "other": 0.00665399239543726,
              "politics and government": 0.226235741444867,
              "science and health": 0.0636882129277567,
              "social and legal": 0.385931558935361
            },
            "n": {
              "celebrity, arts and media, sports": 197,
              "crime and violence": 237,
              "economy": 234,
              "other": 14,
              "politics and government": 476,
              "science and health": 134,
              "social and legal": 812
            }
          }
        },
        "latin america": {
          "female": {
            "%": {
              "celebrity, arts and media, sports": 0.050561797752809,
              "crime and violence": 0.154494382022472,
              "economy": 0.154494382022472,
              "other": 0.00561797752808989,
              "politics and government": 0.185393258426966,
              "science and health": 0.0730337078651685,
              "social and legal": 0.376404494382022
            },
            "n": {
              "celebrity, arts and media, sports": 18,
              "crime and violence": 55,
              "economy": 55,
              "other": 2,
              "politics and government": 66,
              "science and health": 26,
              "social and legal": 134
            }
          },
          "male": {
            "%": {
              "celebrity, arts and media, sports": 0.0836575875486381,
              "crime and violence": 0.171206225680934,
              "economy": 0.16147859922179,
              "other": 0.00194552529182879,
              "politics and government": 0.182879377431907,
              "science and health": 0.0622568093385214,
              "social and legal": 0.336575875486381
            },
            "n": {
              "celebrity, arts and media, sports": 43,
              "crime and violence": 88,
              "economy": 83,
              "other": 1,
              "politics and government": 94,
              "science and health": 32,
              "social and legal": 173
            }
          }
        },
        "middle east": {
          "female": {
            "%": {
              "celebrity, arts and media, sports": 0.108910891089109,
              "crime and violence": 0.108910891089109,
              "economy": 0.118811881188119,
              "other": 0,
              "politics and government": 0.237623762376238,