{
  "global": {
    "96": {
      "2015": {
        "celebrity, arts and media, sports": {
          "n": {
            "n": {
              "africa": 10,
              "asia": 11,
              "caribbean": 41,
              "europe": 387,
              "latin america": 220,
              "middle east": 0,
              "north america": 26,
              "pacific islands": 68,
              "transnational": 8
            }
          },
          "no": {
            "%": {
              "africa": 0.9,
              "asia": 0.909090909090909,
              "caribbean": 0.682926829268293,
              "europe": 0.808785529715762,
              "latin america": 0.859090909090909,
              "middle east": 0,
              "north america": 0.846153846153846,
              "pacific islands": 0.897058823529412,
              "transnational": 0.875
            }
          },
          "yes": {
            "%": {
              "africa": 0.1,
              "asia": 0.0909090909090909,
              "caribbean": 0.317073170731707,
              "europe": 0.191214470284238,
              "latin america": 0.140909090909091,
              "middle east": 0,
              "north america": 0.153846153846154,
              "pacific islands": 0.102941176470588,
              "transnational": 0.125
            }
          }
        },
        "crime and violence": {
          "n": {
            "n": {
              "africa": 25,
              "asia": 7,
              "caribbean": 24,
              "europe": 270,
              "latin america": 164,
              "middle east": 0,
              "north america": 24,
              "pacific islands": 19,
              "transnational": 6
            }
          },
          "no": {
            "%": {
              "africa": 0.72,
              "asia": 0.857142857142857,
              "caribbean": 0.875,
              "europe": 0.82962962962963,
              "latin america": 0.75609756097561,
              "middle east": 0,
              "north america": 0.875,
              "pacific islands": 0.842105263157895,
              "transnational": 1
            }
          },
          "yes": {
            "%": {
              "africa": 0.28,
              "asia": 0.142857142857143,
              "caribbean": 0.125,
              "europe": 0.17037037037037,
              "latin america": 0.24390243902439,
              "middle east": 0,
              "north america": 0.125,
              "pacific islands": 0.157894736842105,
              "transnational": 0
            }
          }
        },
        "economy": {
          "n": {
            "n": {
              "africa": 12,
              "asia": 13,
              "caribbean": 32,
              "europe": 224,
              "latin america": 130,
              "middle east": 0,
              "north america": 19,
              "pacific islands": 18,
              "transnational": 7
            }
          },
          "no": {
            "%": {
              "africa": 0.833333333333333,
              "asia": 0.923076923076923,
              "caribbean": 0.9375,
              "europe": 0.946428571428571,
              "latin america": 0.984615384615385,
              "middle east": 0,
              "north america": 0.894736842105263,
              "pacific islands": 1,
              "transnational": 1
            }
          },
          "yes": {
            "%": {
              "africa": 0.166666666666667,
              "asia": 0.0769230769230769,
              "caribbean": 0.0625,
              "europe": 0.0535714285714286,
              "latin america": 0.0153846153846154,
              "middle east": 0,
              "north america": 0.105263157894737,
              "pacific islands": 0,
              "transnational": 0
            }
          }
        },
        "other": {
          "n": {
            "n": {
              "africa": 0,
              "asia": 0,
              "caribbean": 1,
              "europe": 39,
              "latin america": 10,
              "middle east": 0,
              "north america": 2,
              "pacific islands": 2,
              "transnational": 1
            }
          },
          "no": {
            "%": {
              "africa": 0,
              "asia": 0,
              "caribbean": 1,
              "europe": 0.82051282051282,
              "latin america": 0.7,
              "middle east": 0,
              "north america": 0.5,
              "pacific islands": 1,
              "transnational": 1
            }
          },
          "yes": {
            "%": {
              "africa": 0,
              "asia": 0,
              "caribbean": 0,
              "europe": 0.179487179487179,
              "latin america": 0.3,
              "middle east": 0,
              "north america": 0.5,
              "pacific islands": 0,
              "transnational": 0
            }
          }
        },
        "politics and government": {
          "n": {
            "n": {
              "africa": 45,
              "asia": 24,
              "caribbean": 44,
              "europe": 338,
              "latin america": 187,
              "middle east": 0,
              "north america": 24,
              "pacific islands": 38,
              "transnational": 21
            }
          },
          "no": {
            "%": {
              "africa": 0.866666666666667,
              "asia": 0.916666666666667,
              "caribbean": 0.886363636363636,
              "europe": 0.911242603550296,
              "latin america": 0.909090909090909,
              "middle east": 0,
              "north america": 1,
              "pacific islands": 1,
              "transnational": 1
            }
          },
          "yes": {
            "%": {
              "africa": 0.133333333333333,
              "asia": 0.0833333333333333,
              "caribbean": 0.113636363636364,
              "europe": 0.0887573964497041,
              "latin america": 0.0909090909090909,
              "middle east": 0,
              "north america": 0,
              "pacific islands": 0,
              "transnational": 0
            }
          }
        },
        "science and health": {
          "n": {
            "n": {
              "africa": 11,
              "asia": 8,
              "caribbean": 9,
              "europe": 121,
              "latin america": 81,
              "middle east": 0,
              "north america": 10,
              "pacific islands": 7,
              "transnational": 2
            }
          },
          "no": {
            "%": {
              "africa": 0.727272727272727,
              "asia": 1,
              "caribbean": 1,
              "europe": 0.917355371900826,
              "latin america": 0.925925925925926,
              "middle east": 0,
              "north america": 0.9,
              "pacific islands": 0.714285714285714,
              "transnational": 1
            }
          },
          "yes": {
            "%": {
              "africa": 0.272727272727273,
              "asia": 0,
              "caribbean": 0,
              "europe": 0.0826446280991736,
              "latin america": 0.0740740740740741,
              "middle east": 0,
              "north america": 0.1,
              "pacific islands": 0.285714285714286,
              "transnational": 0
            }
          }
        },
        "social and legal": {
          "n": {
            "n": {
              "africa": 25,
              "asia": 13,
              "caribbean": 47,
              "europe": 570,
              "latin america": 257,
              "middle east": 0,
              "north america": 40,
              "pacific islands": 34,
              "transnational": 15
            }
          },
          "no": {
            "%": {
              "africa": 0.72,
              "asia": 0.923076923076923,
              "caribbean": 0.936170212765957,
              "europe": 0.921052631578947,
              "latin america": 0.898832684824903,