{
  "global": {
    "s13": {
      "2015": {
        "female": {
          "female": {
            "%": {
              "afghanistan": 0.416666666666667,
              "antigua and barbuda": 0.285714285714286,
              "argentina": 0.333333333333333,
              "australia": 0.386075949367089,
              "austria": 0.283950617283951,
              "bahamas": 0.3,
              "bangladesh": 0.26046511627907,
              "barbados": 0.384615384615385,
              "belarus": 0.298245614035088
            },
            "n": {
              "afghanistan": 25,
              "antigua and barbuda": 2,
              "argentina": 51,
              "australia": 366,
              "austria": 46,
              "bahamas": 33,
              "bangladesh": 56,
              "barbados": 5,
              "belarus": 17
            }
          },
          "male": {
            "%": {
              "afghanistan": 0.583333333333333,
              "antigua and barbuda": 0.714285714285714,
              "argentina": 0.666666666666667,
              "australia": 0.613924050632911,
              "austria": 0.716049382716049,
              "bahamas": 0.7,
              "bangladesh": 0.73953488372093,
              "barbados": 0.615384615384615,
              "belarus": 0.701754385964912
            },
            "n": {
              "afghanistan": 35,
              "antigua and barbuda": 5,
              "argentina": 102,
              "australia": 582,
              "austria": 116,
              "bahamas": 77,
              "bangladesh": 159,
              "barbados": 8,
              "belarus": 40
            }
          }
        },
        "male": {
          "female": {
            "%": {
              "afghanistan": 0.260869565217391,
              "antigua and barbuda": 0,
              "argentina": 0.372549019607843,
              "australia": 0.296662546353523,
              "austria": 0.17741935483871,
              "bahamas": 0.215189873417722,
              "bangladesh": 0.202492211838006,
              "barbados": 0.666666666666667,
              "belarus": 0.206896551724138
            },
            "n": {
              "afghanistan": 30,
              "antigua and barbuda": 0,
              "argentina": 190,
              "australia": 240,
              "austria": 22,
              "bahamas": 17,
              "bangladesh": 65,
              "barbados": 6,
              "belarus": 6
            }
          },
          "male": {
            "%": {
              "afghanistan": 0.739130434782609,
              "antigua and barbuda": 1,
              "argentina": 0.627450980392157,
              "australia": 0.703337453646477,
              "austria": 0.82258064516129,
              "bahamas": 0.784810126582278,
              "bangladesh": 0.797507788161994,
              "barbados": 0.333333333333333,
              "belarus": 0.793103448275862
            },
            "n": {
              "afghanistan": 85,
              "antigua and barbuda": 1,
              "argentina": 320,
              "australia": 569,
              "austria": 102,
              "bahamas": 62,
              "bangladesh": 256,
              "barbados": 3,
              "belarus": 23
            }
          }
        }
      }
    }
  }
}