{
  "global": {
    "sr05": {
      "2015": {
        "Print": {
          "Reporter": {
            "female": {
              "%": {
                "africa": 0.326883910386965,
                "asia": 0.313186813186813,
                "caribbean": 0.422442244224422,
                "europe": 0.371122994652406,
                "latin america": 0.47069943289225,
                "middle east": 0.380597014925373,
                "north america": 0.407035175879397,
                "pacific islands": 0.484042553191489,
                "transnational": 0
              },
              "n": {
                "africa": 321,
                "asia": 114,
                "caribbean": 128,
                "europe": 694,
                "latin america": 249,
                "middle east": 102,
                "north america": 81,
                "pacific islands": 91,
                "transnational": 0
              }
            },
            "male": {
              "%": {
                "africa": 0.673116089613035,
                "asia": 0.686813186813187,
                "caribbean": 0.577557755775578,
                "europe": 0.628877005347594,
                "latin america": 0.52930056710775,
                "middle east": 0.619402985074627,
                "north america": 0.592964824120603,
                "pacific islands": 0.515957446808511,
                "transnational": 0
              },
              "n": {
                "africa": 661,
                "asia": 250,
                "caribbean": 175,
                "europe": 1176,
                "latin america": 280,
                "middle east": 166,
                "north america": 118,
                "pacific islands": 97,
                "transnational": 0
              }
            }
          }
        },
        "Radio": {
          "Presenter": {
            "female": {
              "%": {
                "africa": 0.449832775919732,
                "asia": 0.538205980066445,
                "caribbean": 0.349030470914127,
                "europe": 0.413240790176188,
                "latin america": 0.355477855477855,
                "middle east": 0.54983922829582,
                "north america": 0.117647058823529,
                "pacific islands": 0.639175257731959,
                "transnational": 0
              },
              "n": {
                "africa": 269,
                "asia": 162,
                "caribbean": 126,
                "europe": 774,
                "latin america": 305,
                "middle east": 171,
                "north america": 2,
                "pacific islands": 62,
                "transnational": 0
              }
            },
            "male": {
              "%": {
                "africa": 0.550167224080268,
                "asia": 0.461794019933555,
                "caribbean": 0.650969529085873,
                "europe": 0.586759209823812,
                "latin america": 0.644522144522145,
                "middle east": 0.45016077170418,
                "north america": 0.882352941176471,
                "pacific islands": 0.360824742268041,
                "transnational": 0
              },
              "n": {
                "africa": 329,
                "asia": 139,
                "caribbean": 235,
                "europe": 1099,
                "latin america": 553,
                "middle east": 140,
                "north america": 15,
                "pacific islands": 35,
                "transnational": 0
              }
            }
          },
          "Reporter": {
            "female": {
              "%": {
                "africa": 0.380208333333333,
                "asia": 0.491525423728814,
                "caribbean": 0.746666666666667,
                "europe": 0.437293729372937,
                "latin america": 0.322916666666667,
                "middle east": 0.452830188679245,
                "north america": 0.666666666666667,
                "pacific islands": 0.545454545454545,
                "transnational": 0
              },
              "n": {
                "africa": 73,
                "asia": 29,
                "caribbean": 112,
                "europe": 265,
                "latin america": 93,
                "middle east": 24,
                "north america": 4,
                "pacific islands": 12,
                "transnational": 0
              }
            },
            "male": {
              "%": {
                "africa": 0.619791666666667,
                "asia": 0.508474576271186,
                "caribbean": 0.253333333333333,
                "europe": 0.562706270627063,
                "latin america": 0.677083333333333,
                "middle east": 0.547169811320755,
                "north america": 0.333333333333333,
                "pacific islands": 0.454545454545455,
                "transnational": 0
              },
              "n": {
                "africa": 119,
                "asia": 30,
                "caribbean": 38,
                "europe": 341,
                "latin america": 195,
                "middle east": 29,
                "north america": 2,
                "pacific islands": 10,
                "transnational": 0
              }
            }
          }
        },
        "Television": {
          "Presenter": {
            "female": {
              "%": {
                "africa": 0.550913838120104,
                "asia": 0.619439868204283,
                "caribbean": 0.583690987124464,
                "europe": 0.5747982619491,
                "latin america": 0.55798969072165,
                "middle east": 0.628985507246377,
                "north america": 0.451428571428571,
                "pacific islands": 0.497959183673469,
                "transnational": 0
              },
              "n": {
                "africa": 211,
                "asia": 376,
                "caribbean": 136,
                "europe": 926,
                "latin america": 433,
                "middle east": 217,
                "north america": 79,
                "pacific islands": 122,
                "transnational": 0
              }
            },
            "male": {
              "%": {
                "africa": 0.449086161879896,
                "asia": 0.380560131795717,
                "caribbean": 0.416309012875536,
                "europe": 0.4252017380509,
                "latin america": 0.44201030927835,
                "middle east": 0.371014492753623,
                "north america": 0.548571428571429,
                "pacific islands": 0.502040816326531,
                "transnational": 0
              },
              "n": {
                "africa": 172,
                "asia": 231,
                "caribbean": 97,
                "europe": 685,
                "latin america": 343,
                "middle east": 128,
                "north america": 96,
                "pacific islands": 123,
                "transnational": 0
              }
            }
          },
          "Reporter": {
            "female": {
              "%": {
                "africa": 0.364145658263305,
                "asia": 0.339160839160839,
                "caribbean": 0.401639344262295,
                "europe": 0.420260095824778,
                "latin america": 0.430909090909091,
                "middle east": 0.41044776119403,
                "north america": 0.363636363636364,
                "pacific islands": 0.416666666666667,
                "transnational": 0
              },
              "n": {
                "africa": 130,
                "asia": 97,
                "caribbean": 49,
                "europe": 614,
                "latin america": 237,
                "middle east": 55,
                "north america": 24,
                "pacific islands": 55,
                "transnational": 0
              }
            },
            "male": {
              "%": {
                "africa": 0.635854341736695,