{
  "global": {
    "97": {
      "2015": {
        "celebrity, arts and media, sports": {
          "agree": {
            "%": {
              "africa": 0,
              "asia": 0,
              "caribbean": 0.121951219512195,
              "europe": 0.041343669250646,
              "latin america": 0.0409090909090909,
              "middle east": 0,
              "north america": 0.0769230769230769,
              "pacific islands": 0,
              "transnational": 0
            }
          },
          "disagree": {
            "%": {
              "africa": 0.7,
              "asia": 0,
              "caribbean": 0.780487804878049,
              "europe": 0.604651162790698,
              "latin america": 0.872727272727273,
              "middle east": 0,
              "north america": 0.846153846153846,
              "pacific islands": 1,
              "transnational": 1
            }
          },
          "do not know": {
            "%": {
              "africa": 0.3,
              "asia": 0,
              "caribbean": 0,
              "europe": 0.0155038759689922,
              "latin america": 0.00454545454545455,
              "middle east": 0,
              "north america": 0.0384615384615385,
              "pacific islands": 0,
              "transnational": 0
            }
          },
          "n": {
            "n": {
              "africa": 10,
              "asia": 11,
              "caribbean": 41,
              "europe": 387,
              "latin america": 220,
              "middle east": 0,
              "north america": 26,
              "pacific islands": 68,
              "transnational": 8
            }
          },
          "neither agree nor disagree": {
            "%": {
              "africa": 0,
              "asia": 1,
              "caribbean": 0.0975609756097561,
              "europe": 0.338501291989664,
              "latin america": 0.0818181818181818,
              "middle east": 0,
              "north america": 0.0384615384615385,
              "pacific islands": 0,
              "transnational": 0
            }
          }
        },
        "crime and violence": {
          "agree": {
            "%": {
              "africa": 0.44,
              "asia": 0,
              "caribbean": 0.0833333333333333,
              "europe": 0.0851851851851852,
              "latin america": 0.0426829268292683,
              "middle east": 0,
              "north america": 0,
              "pacific islands": 0.0526315789473684,
              "transnational": 0
            }
          },
          "disagree": {
            "%": {
              "africa": 0.52,
              "asia": 0.142857142857143,
              "caribbean": 0.583333333333333,
              "europe": 0.651851851851852,
              "latin america": 0.780487804878049,
              "middle east": 0,
              "north america": 0.833333333333333,
              "pacific islands": 0.947368421052632,
              "transnational": 1
            }
          },
          "do not know": {
            "%": {
              "africa": 0.04,
              "asia": 0,
              "caribbean": 0,
              "europe": 0.0444444444444444,
              "latin america": 0,
              "middle east": 0,
              "north america": 0,
              "pacific islands": 0,
              "transnational": 0
            }
          },
          "n": {
            "n": {
              "africa": 25,
              "asia": 7,
              "caribbean": 24,
              "europe": 270,
              "latin america": 164,
              "middle east": 0,
              "north america": 24,
              "pacific islands": 19,
              "transnational": 6
            }
          },
          "neither agree nor disagree": {
            "%": {
              "africa": 0,
              "asia": 0.857142857142857,
              "caribbean": 0.333333333333333,
              "europe": 0.218518518518519,
              "latin america": 0.176829268292683,
              "middle east": 0,
              "north america": 0.166666666666667,
              "pacific islands": 0,
              "transnational": 0
            }
          }
        },
        "economy": {
          "agree": {
            "%": {
              "africa": 0.166666666666667,
              "asia": 0,
              "caribbean": 0.0625,
              "europe": 0.00446428571428571,
              "latin america": 0,
              "middle east": 0,
              "north america": 0.0526315789473684,
              "pacific islands": 0,
              "transnational": 0
            }
          },
          "disagree": {
            "%": {
              "africa": 0.833333333333333,
              "asia": 0.153846153846154,
              "caribbean": 0.6875,
              "europe": 0.638392857142857,
              "latin america": 0.876923076923077,
              "middle east": 0,
              "north america": 0.631578947368421,
              "pacific islands": 1,
              "transnational": 0.714285714285714
            }
          },
          "do not know": {
            "%": {
              "africa": 0,
              "asia": 0,
              "caribbean": 0,
              "europe": 0.0580357142857143,
              "latin america": 0.00769230769230769,
              "middle east": 0,
              "north america": 0.0526315789473684,
              "pacific islands": 0,
              "transnational": 0
            }
          },
          "n": {
            "n": {
              "africa": 12,
              "asia": 13,
              "caribbean": 32,
              "europe": 224,
              "latin america": 130,
              "middle east": 0,
              "north america": 19,
              "pacific islands": 18,
              "transnational": 7
            }
          },
          "neither agree nor disagree": {
            "%": {
              "africa": 0,
              "asia": 0.846153846153846,
              "caribbean": 0.25,
              "europe": 0.299107142857143,
              "latin america": 0.115384615384615,
              "middle east": 0,
              "north america": 0.263157894736842,
              "pacific islands": 0,
              "transnational": 0.285714285714286
            }
          }
        },
        "other": {
          "agree": {
            "%": {
              "africa": 0,
              "asia": 0,
              "caribbean": 0,
              "europe": 0.0769230769230769,
              "latin america": 0,
              "middle east": 0,
              "north america": 0,
              "pacific islands": 0,
              "transnational": 0
            }
          },
          "disagree": {
            "%": {
              "africa": 0,
              "asia": 0,
              "caribbean": 1,
              "europe": 0.615384615384615,
              "latin america": 0.7,
              "middle east": 0,
              "north america": 1,
              "pacific islands": 1,
              "transnational": 1
            }
          },
          "do not know": {
            "%": {
              "africa": 0,
              "asia": 0,
              "caribbean": 0,
              "europe": 0,
              "latin america": 0,
              "middle east": 0,
              "north america": 0,
              "pacific islands": 0,
              "transnational": 0
            }
          },
          "n": {
            "n": {
              "africa": 0,
              "asia": 0,
              "caribbean": 1,
              "europe": 39,
              "latin america": 10,
              "middle east": 0,
              "north america": 2,
              "pacific islands": 2,
              "transnational": 1
            }
          },
          "neither agree nor disagree": {
            "%": {
              "africa": 0,
              "asia": 0,
              "caribbean": 0,
              "europe": 0.307692307692308,
              "latin america": 0.3,
              "middle east": 0,
              "north america": 0,