{
  "global": {
    "93": {
      "2015": {
        "Africa": {
          "celebrity, arts and media, sports": {
            "no": 0.0111111111111111,
            "yes": 0
          },
          "crime and violence": {
            "no": 0.0666666666666667,
            "yes": 0.25
          },
          "economy": {
            "no": 0.0888888888888889,
            "yes": 0
          },
          "other": {
            "no": 0.0222222222222222,
            "yes": 0
          },
          "politics and government": {
            "no": 0.6,
            "yes": 0.416666666666667
          },
          "science and health": {
            "no": 0.0333333333333333,
            "yes": 0.166666666666667
          },
          "social and legal": {
            "no": 0.177777777777778,
            "yes": 0.166666666666667
          }
        },
        "Asia": {
          "celebrity, arts and media, sports": {
            "no": 0.166666666666667,
            "yes": 0.0916666666666667
          },
          "crime and violence": {
            "no": 0.0945945945945946,
            "yes": 0.316666666666667
          },
          "economy": {
            "no": 0.121621621621622,
            "yes": 0
          },
          "other": {
            "no": 0.0045045045045045,
            "yes": 0
          },
          "politics and government": {
            "no": 0.317567567567568,
            "yes": 0.166666666666667
          },
          "science and health": {
            "no": 0.0315315315315315,
            "yes": 0.0833333333333333
          },
          "social and legal": {
            "no": 0.263513513513513,
            "yes": 0.341666666666667
          }
        },
        "Caribbean": {
          "celebrity, arts and media, sports": {
            "no": 0.164904862579281,
            "yes": 0.0967741935483871
          },
          "crime and violence": {
            "no": 0.0972515856236787,
            "yes": 0.306451612903226
          },
          "economy": {
            "no": 0.126849894291755,
            "yes": 0
          },
          "other": {
            "no": 0.00422832980972516,
            "yes": 0
          },
          "politics and government": {
            "no": 0.310782241014799,
            "yes": 0.169354838709677
          },
          "science and health": {
            "no": 0.0359408033826638,
            "yes": 0.0887096774193548
          },
          "social and legal": {
            "no": 0.260042283298097,
            "yes": 0.338709677419355
          }
        },
        "Europe": {
          "celebrity, arts and media, sports": {
            "no": 0.0975860297894196,
            "yes": 0.159891598915989
          },
          "crime and violence": {
            "no": 0.127375449409348,
            "yes": 0.287262872628726
          },
          "economy": {
            "no": 0.128916281458654,
            "yes": 0.043360433604336
          },
          "other": {
            "no": 0.00975860297894196,
            "yes": 0.002710027100271
          },
          "politics and government": {
            "no": 0.288135593220339,
            "yes": 0.157181571815718
          },
          "science and health": {
            "no": 0.0503338469440164,
            "yes": 0.0650406504065041
          },
          "social and legal": {
            "no": 0.297894196199281,
            "yes": 0.284552845528455
          }
        },
        "Latin America": {
          "celebrity, arts and media, sports": {
            "no": 0.102355460385439,
            "yes": 0.191780821917808
          },
          "crime and violence": {
            "no": 0.136188436830835,
            "yes": 0.256360078277886
          },
          "economy": {
            "no": 0.129336188436831,
            "yes": 0.0352250489236791
          },
          "other": {
            "no": 0.00813704496788009,
            "yes": 0.00195694716242661
          },
          "politics and government": {
            "no": 0.283511777301927,
            "yes": 0.148727984344423
          },
          "science and health": {
            "no": 0.0535331905781585,
            "yes": 0.0587084148727984
          },
          "social and legal": {
            "no": 0.286937901498929,
            "yes": 0.307240704500978
          }
        },
        "Middle East": {
          "celebrity, arts and media, sports": {
            "no": 0.101784266017843,
            "yes": 0.193798449612403
          },
          "crime and violence": {
            "no": 0.137064071370641,
            "yes": 0.25968992248062
          },
          "economy": {
            "no": 0.126520681265207,
            "yes": 0.0348837209302326
          },
          "other": {
            "no": 0.00851581508515815,
            "yes": 0.00193798449612403
          },
          "politics and government": {
            "no": 0.292781832927818,
            "yes": 0.147286821705426
          },
          "science and health": {
            "no": 0.0547445255474453,
            "yes": 0.0581395348837209
          },
          "social and legal": {
            "no": 0.278588807785888,
            "yes": 0.304263565891473
          }
        },
        "North America": {
          "celebrity, arts and media, sports": {
            "no": 0.0983668818837828,
            "yes": 0.166666666666667
          },
          "crime and violence": {
            "no": 0.142802886441322,
            "yes": 0.315181518151815
          },
          "economy": {
            "no": 0.121914166350171,
            "yes": 0.033003300330033
          },
          "other": {
            "no": 0.00797569312571212,
            "yes": 0.00165016501650165
          },
          "politics and government": {
            "no": 0.294341055829852,
            "yes": 0.145214521452145
          },
          "science and health": {
            "no": 0.0588682111659704,
            "yes": 0.0561056105610561
          },
          "social and legal": {
            "no": 0.27573110520319,
            "yes": 0.282178217821782
          }
        },
        "Pacific Island": {
          "celebrity, arts and media, sports": {
            "no": 0.0988847583643123,
            "yes": 0.164274322169059
          },
          "crime and violence": {
            "no": 0.143866171003717,
            "yes": 0.320574162679426
          },
          "economy": {
            "no": 0.122304832713755,
            "yes": 0.0318979266347687
          },
          "other": {
            "no": 0.00817843866171004,
            "yes": 0.00159489633173844
          },
          "politics and government": {
            "no": 0.292193308550186,
            "yes": 0.141945773524721
          },
          "science and health": {
            "no": 0.0598513011152416,
            "yes": 0.0590111642743222
          },
          "social and legal": {
            "no": 0.274721189591078,
            "yes": 0.280701754385965
          }
        },
        "Transnational": {
          "celebrity, arts and media, sports": {
            "no": 0.0989488945270025,
            "yes": 0.164556962025316
          },
          "crime and violence": {
            "no": 0.146792316056542,
            "yes": 0.319620253164557
          },
          "economy": {
            "no": 0.119608553823849,
            "yes": 0.0316455696202532
          },
          "other": {
            "no": 0.00797390358825661,
            "yes": 0.00158227848101266
          },
          "politics and government": {
            "no": 0.292134831460674,
            "yes": 0.143987341772152
          },
          "science and health": {
            "no": 0.0601667270750272,
            "yes": 0.0585443037974684
          },
          "social and legal": {
            "no": 0.274374773468648,
            "yes": 0.280063291139241
          }
        }
      }
    }
  }
}