{
  "global": {
    "83": {
      "2015": {
        "celebrity, arts and media, sports": {
          "do not know": {
            "%": {
              "africa": 1,
              "asia": 0.662650602409639,
              "caribbean": 0.25,
              "europe": 0.363636363636364,
              "latin america": 0.693548387096774,
              "middle east": 0.0909090909090909,
              "north america": 0.181818181818182,
              "pacific islands": 0.166666666666667,
              "transnational": 0.0769230769230769
            }
          },
          "female": {
            "%": {
              "africa": 0,
              "asia": 0.168674698795181,
              "caribbean": 0,
              "europe": 0.246753246753247,
              "latin america": 0.129032258064516,
              "middle east": 0.545454545454545,
              "north america": 0.272727272727273,
              "pacific islands": 0.166666666666667,
              "transnational": 0.615384615384615
            }
          },
          "male": {
            "%": {
              "africa": 0,
              "asia": 0.156626506024096,
              "caribbean": 0.75,
              "europe": 0.38961038961039,
              "latin america": 0.17741935483871,
              "middle east": 0.363636363636364,
              "north america": 0.181818181818182,
              "pacific islands": 0.666666666666667,
              "transnational": 0.307692307692308
            }
          },
          "n": {
            "n": {
              "africa": 1,
              "asia": 83,
              "caribbean": 4,
              "europe": 154,
              "latin america": 62,
              "middle east": 11,
              "north america": 11,
              "pacific islands": 6,
              "transnational": 13
            }
          },
          "other (transgender, etc.)": {
            "%": {
              "africa": 0,
              "asia": 0.0120481927710843,
              "caribbean": 0,
              "europe": 0,
              "latin america": 0,
              "middle east": 0,
              "north america": 0.363636363636364,
              "pacific islands": 0,
              "transnational": 0
            }
          }
        },
        "crime and violence": {
          "do not know": {
            "%": {
              "africa": 0.888888888888889,
              "asia": 0.421875,
              "caribbean": 0.6,
              "europe": 0.509505703422053,
              "latin america": 0.5125,
              "middle east": 0.333333333333333,
              "north america": 0.105263157894737,
              "pacific islands": 0.0666666666666667,
              "transnational": 0.380952380952381
            }
          },
          "female": {
            "%": {
              "africa": 0,
              "asia": 0.453125,
              "caribbean": 0.2,
              "europe": 0.159695817490494,
              "latin america": 0.1875,
              "middle east": 0.222222222222222,
              "north america": 0.447368421052632,
              "pacific islands": 0.466666666666667,
              "transnational": 0.142857142857143
            }
          },
          "male": {
            "%": {
              "africa": 0.111111111111111,
              "asia": 0.125,
              "caribbean": 0.2,
              "europe": 0.311787072243346,
              "latin america": 0.3,
              "middle east": 0.444444444444444,
              "north america": 0.447368421052632,
              "pacific islands": 0.466666666666667,
              "transnational": 0.476190476190476
            }
          },
          "n": {
            "n": {
              "africa": 9,
              "asia": 64,
              "caribbean": 5,
              "europe": 263,
              "latin america": 80,
              "middle east": 18,
              "north america": 114,
              "pacific islands": 15,
              "transnational": 21
            }
          },
          "other (transgender, etc.)": {
            "%": {
              "africa": 0,
              "asia": 0,
              "caribbean": 0,
              "europe": 0.0190114068441065,
              "latin america": 0,
              "middle east": 0,
              "north america": 0,
              "pacific islands": 0,
              "transnational": 0
            }
          }
        },
        "economy": {
          "do not know": {
            "%": {
              "africa": 0,
              "asia": 0.761904761904762,
              "caribbean": 0.285714285714286,
              "europe": 0.477611940298507,
              "latin america": 0.439024390243902,
              "middle east": 0.2,
              "north america": 0.461538461538462,
              "pacific islands": 0,
              "transnational": 1
            }
          },
          "female": {
            "%": {
              "africa": 0.25,
              "asia": 0.19047619047619,
              "caribbean": 0.285714285714286,
              "europe": 0.218905472636816,
              "latin america": 0.268292682926829,
              "middle east": 0.2,
              "north america": 0.384615384615385,
              "pacific islands": 0.166666666666667,
              "transnational": 0
            }
          },
          "male": {
            "%": {
              "africa": 0.625,
              "asia": 0.0476190476190476,
              "caribbean": 0.428571428571429,
              "europe": 0.303482587064677,
              "latin america": 0.292682926829268,
              "middle east": 0.6,
              "north america": 0.153846153846154,
              "pacific islands": 0.833333333333333,
              "transnational": 0
            }
          },
          "n": {
            "n": {
              "africa": 8,
              "asia": 42,
              "caribbean": 7,
              "europe": 201,
              "latin america": 41,
              "middle east": 5,
              "north america": 13,
              "pacific islands": 6,
              "transnational": 1
            }
          },
          "other (transgender, etc.)": {
            "%": {
              "africa": 0.125,
              "asia": 0,
              "caribbean": 0,
              "europe": 0,
              "latin america": 0,
              "middle east": 0,
              "north america": 0,
              "pacific islands": 0,
              "transnational": 0
            }
          }
        },
        "other": {
          "do not know": {
            "%": {
              "africa": 1,
              "asia": 0,
              "caribbean": 0,
              "europe": 0.611111111111111,
              "latin america": 0,
              "middle east": 0,
              "north america": 0,
              "pacific islands": 1,
              "transnational": 0
            }
          },
          "female": {
            "%": {
              "africa": 0,
              "asia": 0,
              "caribbean": 0,
              "europe": 0.0555555555555556,
              "latin america": 0,
              "middle east": 0.5,
              "north america": 0,
              "pacific islands": 0,
              "transnational": 0
            }
          },
          "male": {
            "%": {
              "africa": 0,
              "asia": 0,
              "caribbean": 0,
              "europe": 0.333333333333333,
              "latin america": 0,
              "middle east": 0.5,
              "north america": 0,
              "pacific islands": 0,
              "transnational": 0
            }
          },
          "n": {
            "n": {
              "africa": 1,
              "asia": 0,
              "caribbean": 0,
              "europe": 18,
              "latin america": 0,
              "middle east": 2,
              "north america": 0,
              "pacific islands": 1,
              "transnational": 0
            }
          },
          "other (transgender, etc.)": {
            "%": {
              "africa": 0,
              "asia": 0,