{
  "global": {
    "29": {
      "2015": {
        "africa": {
          "female": {
            "%": {
              "foreign/international": 0.082089552238806,
              "local": 0.283582089552239,
              "national": 0.574626865671642,
              "sub-regional": 0.0597014925373134
            },
            "n": {
              "foreign/international": 22,
              "local": 76,
              "national": 154,
              "sub-regional": 16
            }
          },
          "male": {
            "%": {
              "foreign/international": 0.0776892430278884,
              "local": 0.262948207171315,
              "national": 0.597609561752988,
              "sub-regional": 0.0617529880478088
            },
            "n": {
              "foreign/international": 39,
              "local": 132,
              "national": 300,
              "sub-regional": 31
            }
          }
        },
        "asia": {
          "female": {
            "%": {
              "foreign/international": 0.145584725536993,
              "local": 0.238663484486873,
              "national": 0.451073985680191,
              "sub-regional": 0.164677804295943
            },
            "n": {
              "foreign/international": 61,
              "local": 100,
              "national": 189,
              "sub-regional": 69
            }
          },
          "male": {
            "%": {
              "foreign/international": 0.255482456140351,
              "local": 0.212719298245614,
              "national": 0.456140350877193,
              "sub-regional": 0.0756578947368421
            },
            "n": {
              "foreign/international": 233,
              "local": 194,
              "national": 416,
              "sub-regional": 69
            }
          }
        },
        "caribbean": {
          "female": {
            "%": {
              "foreign/international": 0.0833333333333333,
              "local": 0.238095238095238,
              "national": 0.607142857142857,
              "sub-regional": 0.0714285714285714
            },
            "n": {
              "foreign/international": 7,
              "local": 20,
              "national": 51,
              "sub-regional": 6
            }
          },
          "male": {
            "%": {
              "foreign/international": 0.0925925925925926,
              "local": 0.314814814814815,
              "national": 0.527777777777778,
              "sub-regional": 0.0648148148148148
            },
            "n": {
              "foreign/international": 10,
              "local": 34,
              "national": 57,
              "sub-regional": 7
            }
          }
        },
        "europe": {
          "female": {
            "%": {
              "foreign/international": 0.351417004048583,
              "local": 0.136842105263158,
              "national": 0.467206477732794,
              "sub-regional": 0.0445344129554656
            },
            "n": {
              "foreign/international": 434,
              "local": 169,
              "national": 577,
              "sub-regional": 55
            }
          },
          "male": {
            "%": {
              "foreign/international": 0.344893111638955,
              "local": 0.15249406175772,
              "national": 0.435154394299287,
              "sub-regional": 0.067458432304038
            },
            "n": {
              "foreign/international": 726,
              "local": 321,
              "national": 916,
              "sub-regional": 142
            }
          }
        },
        "latin america": {
          "female": {
            "%": {
              "foreign/international": 0.160112359550562,
              "local": 0.323033707865169,
              "national": 0.452247191011236,
              "sub-regional": 0.0646067415730337
            },
            "n": {
              "foreign/international": 57,
              "local": 115,
              "national": 161,
              "sub-regional": 23
            }
          },
          "male": {
            "%": {
              "foreign/international": 0.151456310679612,
              "local": 0.337864077669903,
              "national": 0.456310679611651,
              "sub-regional": 0.054368932038835
            },
            "n": {
              "foreign/international": 78,
              "local": 174,
              "national": 235,
              "sub-regional": 28
            }
          }
        },
        "middle east": {
          "female": {
            "%": {
              "foreign/international": 0.237623762376238,
              "local": 0.227722772277228,
              "national": 0.475247524752475,
              "sub-regional": 0.0594059405940594
            },
            "n": {
              "foreign/international": 24,
              "local": 23,
              "national": 48,
              "sub-regional": 6
            }
          },
          "male": {
            "%": {
              "foreign/international": 0.239263803680982,
              "local": 0.269938650306748,
              "national": 0.441717791411043,
              "sub-regional": 0.049079754601227
            },
            "n": {
              "foreign/international": 39,
              "local": 44,
              "national": 72,
              "sub-regional": 8
            }
          }
        },
        "north america": {
          "female": {
            "%": {
              "foreign/international": 0.184848484848485,
              "local": 0.393939393939394,
              "national": 0.387878787878788,
              "sub-regional": 0.0333333333333333
            },
            "n": {
              "foreign/international": 61,
              "local": 130,
              "national": 128,
              "sub-regional": 11
            }
          },
          "male": {
            "%": {
              "foreign/international": 0.284294234592445,
              "local": 0.345924453280318,
              "national": 0.296222664015905,
              "sub-regional": 0.073558648111332
            },
            "n": {
              "foreign/international": 143,
              "local": 174,
              "national": 149,
              "sub-regional": 37
            }
          }
        },
        "pacific islands": {
          "female": {
            "%": {
              "foreign/international": 0.247619047619048,
              "local": 0.285714285714286,
              "national": 0.304761904761905,
              "sub-regional": 0.161904761904762
            },
            "n": {
              "foreign/international": 26,
              "local": 30,
              "national": 32,
              "sub-regional": 17
            }
          },
          "male": {
            "%": {
              "foreign/international": 0.265625,
              "local": 0.21875,
              "national": 0.3828125,
              "sub-regional": 0.1328125
            },
            "n": {
              "foreign/international": 34,
              "local": 28,
              "national": 49,
              "sub-regional": 17
            }
          }
        }
      }
    }
  }
}
