{
  "global": {
    "79": {
      "2015": {
        "celebrity, arts and media, sports": {
          "do not know": {
            "%": {
              "africa": 0,
              "asia": 0,
              "caribbean": 0,
              "europe": 0.0421052631578947,
              "latin america": 0.0186915887850467,
              "middle east": 0,
              "north america": 0,
              "pacific islands": 0.1,
              "transnational": 0.0263157894736842
            }
          },
          "female": {
            "%": {
              "africa": 0,
              "asia": 0.236111111111111,
              "caribbean": 0.25,
              "europe": 0.250526315789474,
              "latin america": 0.308411214953271,
              "middle east": 0.470588235294118,
              "north america": 0.5,
              "pacific islands": 0.25,
              "transnational": 0.131578947368421
            }
          },
          "male": {
            "%": {
              "africa": 1,
              "asia": 0.763888888888889,
              "caribbean": 0.75,
              "europe": 0.707368421052632,
              "latin america": 0.672897196261682,
              "middle east": 0.529411764705882,
              "north america": 0.5,
              "pacific islands": 0.65,
              "transnational": 0.842105263157895
            }
          },
          "n": {
            "n": {
              "africa": 1,
              "asia": 72,
              "caribbean": 20,
              "europe": 475,
              "latin america": 107,
              "middle east": 17,
              "north america": 12,
              "pacific islands": 20,
              "transnational": 38
            }
          },
          "other (transgender, etc.)": {
            "%": {
              "africa": 0,
              "asia": 0,
              "caribbean": 0,
              "europe": 0,
              "latin america": 0,
              "middle east": 0,
              "north america": 0,
              "pacific islands": 0,
              "transnational": 0
            }
          }
        },
        "crime and violence": {
          "do not know": {
            "%": {
              "africa": 0.5,
              "asia": 0.0330578512396694,
              "caribbean": 0.0434782608695652,
              "europe": 0.0381406436233611,
              "latin america": 0,
              "middle east": 0.0425531914893617,
              "north america": 0.0532544378698225,
              "pacific islands": 0.0543478260869565,
              "transnational": 0.0377358490566038
            }
          },
          "female": {
            "%": {
              "africa": 0,
              "asia": 0.380165289256198,
              "caribbean": 0.217391304347826,
              "europe": 0.230035756853397,
              "latin america": 0.280701754385965,
              "middle east": 0.191489361702128,
              "north america": 0.473372781065089,
              "pacific islands": 0.206521739130435,
              "transnational": 0.0754716981132075
            }
          },
          "male": {
            "%": {
              "africa": 0.5,
              "asia": 0.586776859504132,
              "caribbean": 0.739130434782609,
              "europe": 0.731823599523242,
              "latin america": 0.719298245614035,
              "middle east": 0.765957446808511,
              "north america": 0.473372781065089,
              "pacific islands": 0.739130434782609,
              "transnational": 0.886792452830189
            }
          },
          "n": {
            "n": {
              "africa": 8,
              "asia": 121,
              "caribbean": 23,
              "europe": 839,
              "latin america": 171,
              "middle east": 47,
              "north america": 169,
              "pacific islands": 92,
              "transnational": 53
            }
          },
          "other (transgender, etc.)": {
            "%": {
              "africa": 0,
              "asia": 0,
              "caribbean": 0,
              "europe": 0,
              "latin america": 0,
              "middle east": 0,
              "north america": 0,
              "pacific islands": 0,
              "transnational": 0
            }
          }
        },
        "economy": {
          "do not know": {
            "%": {
              "africa": 0,
              "asia": 0.0526315789473684,
              "caribbean": 0.0909090909090909,
              "europe": 0.0706521739130435,
              "latin america": 0.0128205128205128,
              "middle east": 0,
              "north america": 0.173913043478261,
              "pacific islands": 0.0333333333333333,
              "transnational": 0
            }
          },
          "female": {
            "%": {
              "africa": 0.0909090909090909,
              "asia": 0.0263157894736842,
              "caribbean": 0.318181818181818,
              "europe": 0.258152173913043,
              "latin america": 0.192307692307692,
              "middle east": 0,
              "north america": 0.347826086956522,
              "pacific islands": 0.166666666666667,
              "transnational": 0
            }
          },
          "male": {
            "%": {
              "africa": 0.909090909090909,
              "asia": 0.921052631578947,
              "caribbean": 0.590909090909091,
              "europe": 0.671195652173913,
              "latin america": 0.794871794871795,
              "middle east": 1,
              "north america": 0.478260869565217,
              "pacific islands": 0.8,
              "transnational": 1
            }
          },
          "n": {
            "n": {
              "africa": 11,
              "asia": 38,
              "caribbean": 22,
              "europe": 368,
              "latin america": 78,
              "middle east": 5,
              "north america": 23,
              "pacific islands": 30,
              "transnational": 1
            }
          },
          "other (transgender, etc.)": {
            "%": {
              "africa": 0,
              "asia": 0,
              "caribbean": 0,
              "europe": 0,
              "latin america": 0,
              "middle east": 0,
              "north america": 0,
              "pacific islands": 0,
              "transnational": 0
            }
          }
        },
        "other": {
          "do not know": {
            "%": {
              "africa": 0,
              "asia": 0,
              "caribbean": 0,
              "europe": 0.0606060606060606,
              "latin america": 0,
              "middle east": 0,
              "north america": 0,
              "pacific islands": 0,
              "transnational": 0
            }
          },
          "female": {
            "%": {
              "africa": 0,
              "asia": 0,
              "caribbean": 0,
              "europe": 0.181818181818182,
              "latin america": 0,
              "middle east": 0.111111111111111,
              "north america": 0,
              "pacific islands": 0.5,
              "transnational": 0
            }
          },
          "male": {
            "%": {
              "africa": 1,
              "asia": 0,
              "caribbean": 0,
              "europe": 0.757575757575758,
              "latin america": 0,
              "middle east": 0.888888888888889,
              "north america": 0,
              "pacific islands": 0.5,
              "transnational": 0
            }
          },
          "n": {
            "n": {
              "africa": 3,
              "asia": 0,
              "caribbean": 0,
              "europe": 33,
              "latin america": 0,
              "middle east": 9,
              "north america": 0,
              "pacific islands": 2,
              "transnational": 0
            }
          },
          "other (transgender, etc.)": {
            "%": {
              "africa": 0,
              "asia": 0,
              "caribbean": 0,