{
  "global": {
    "86": {
      "2015": {
        "female": {
          "no": {
            "%": {
              "africa": 0.921875,
              "asia": 0.845626072041166,
              "caribbean": 0.918181818181818,
              "europe": 0.90846877673225,
              "latin america": 0.895960832313341,
              "middle east": 0.923469387755102,
              "north america": 0.829568788501027,
              "pacific islands": 0.804177545691906,
              "transnational": 0.97037037037037
            },
            "n": {
              "africa": 118,
              "asia": 493,
              "caribbean": 101,
              "europe": 4248,
              "latin america": 732,
              "middle east": 181,
              "north america": 404,
              "pacific islands": 308,
              "transnational": 262
            }
          },
          "yes": {
            "%": {
              "africa": 0.078125,
              "asia": 0.154373927958834,
              "caribbean": 0.0818181818181818,
              "europe": 0.0915312232677502,
              "latin america": 0.104039167686659,
              "middle east": 0.076530612244898,
              "north america": 0.170431211498973,
              "pacific islands": 0.195822454308094,
              "transnational": 0.0296296296296296
            },
            "n": {
              "africa": 10,
              "asia": 90,
              "caribbean": 9,
              "europe": 428,
              "latin america": 85,
              "middle east": 15,
              "north america": 83,
              "pacific islands": 75,
              "transnational": 8
            }
          }
        },
        "male": {
          "no": {
            "%": {
              "africa": 0.921875,
              "asia": 0.845626072041166,
              "caribbean": 0.918181818181818,
              "europe": 0.90846877673225,
              "latin america": 0.895960832313341,
              "middle east": 0.923469387755102,
              "north america": 0.829568788501027,
              "pacific islands": 0.804177545691906,
              "transnational": 0.97037037037037
            },
            "n": {
              "africa": 118,
              "asia": 493,
              "caribbean": 101,
              "europe": 4248,
              "latin america": 732,
              "middle east": 181,
              "north america": 404,
              "pacific islands": 308,
              "transnational": 262
            }
          }
        }
      }
    }
  }
}