{
  "global": {
    "25": {
      "2010": {
        "female": {
          "female": {
            "no": 0.84,
            "yes": 0.16
          },
          "male": {
            "no": 0.95,
            "yes": 0.05
          },
          "n": {
            "no": 4162,
            "yes": 409
          }
        },
        "male": {
          "female": {
            "no": 0.84,
            "yes": 0.16
          },
          "male": {
            "no": 0.96,
            "yes": 0.04
          },
          "n": {
            "no": 7803,
            "yes": 650
          }
        }
      },
      "2015": {
        "female": {
          "female": {
            "no": 0.836123795027905,
            "yes": 0.163876204972095
          },
          "male": {
            "no": 0.942188760419468,
            "yes": 0.0578112395805324
          }
        },
        "male": {
          "female": {
            "no": 0.784943181818182,
            "yes": 0.215056818181818
          },
          "male": {
            "no": 0.915768380320619,
            "yes": 0.0842316196793809
          }
        }
      }
    }
  }
}
