{
  "global": {
    "92": {
      "2015": {
        "Africa": {
          "celebrity, arts and media, sports": {
            "agree": 0,
            "disagree": 0.0113636363636364,
            "do not know": 0,
            "neither agree nor disagree": 0
          },
          "crime and violence": {
            "agree": 0.363636363636364,
            "disagree": 0.0454545454545455,
            "do not know": 0,
            "neither agree nor disagree": 0
          },
          "economy": {
            "agree": 0.181818181818182,
            "disagree": 0.0681818181818182,
            "do not know": 0,
            "neither agree nor disagree": 0
          },
          "other": {
            "agree": 0,
            "disagree": 0.0227272727272727,
            "do not know": 0,
            "neither agree nor disagree": 0
          },
          "politics and government": {
            "agree": 0.454545454545455,
            "disagree": 0.613636363636364,
            "do not know": 1,
            "neither agree nor disagree": 0
          },
          "science and health": {
            "agree": 0,
            "disagree": 0.0568181818181818,
            "do not know": 0,
            "neither agree nor disagree": 0
          },
          "social and legal": {
            "agree": 0,
            "disagree": 0.181818181818182,
            "do not know": 0,
            "neither agree nor disagree": 1
          }
        },
        "Asia": {
          "celebrity, arts and media, sports": {
            "agree": 0.0918367346938776,
            "disagree": 0.164044943820225,
            "do not know": 0,
            "neither agree nor disagree": 0.166666666666667
          },
          "crime and violence": {
            "agree": 0.295918367346939,
            "disagree": 0.10561797752809,
            "do not know": 0.5,
            "neither agree nor disagree": 0.111111111111111
          },
          "economy": {
            "agree": 0.0204081632653061,
            "disagree": 0.101123595505618,
            "do not know": 0,
            "neither agree nor disagree": 0.333333333333333
          },
          "other": {
            "agree": 0,
            "disagree": 0.00449438202247191,
            "do not know": 0,
            "neither agree nor disagree": 0
          },
          "politics and government": {
            "agree": 0.13265306122449,
            "disagree": 0.330337078651685,
            "do not know": 0.25,
            "neither agree nor disagree": 0.0555555555555556
          },
          "science and health": {
            "agree": 0.0408163265306122,
            "disagree": 0.0404494382022472,
            "do not know": 0,
            "neither agree nor disagree": 0.111111111111111
          },
          "social and legal": {
            "agree": 0.418367346938776,
            "disagree": 0.253932584269663,
            "do not know": 0.25,
            "neither agree nor disagree": 0.222222222222222
          }
        },
        "Caribbean": {
          "celebrity, arts and media, sports": {
            "agree": 0.0980392156862745,
            "disagree": 0.161702127659574,
            "do not know": 0,
            "neither agree nor disagree": 0.15
          },
          "crime and violence": {
            "agree": 0.303921568627451,
            "disagree": 0.106382978723404,
            "do not know": 0.5,
            "neither agree nor disagree": 0.1
          },
          "economy": {
            "agree": 0.0294117647058824,
            "disagree": 0.108510638297872,
            "do not know": 0,
            "neither agree nor disagree": 0.35
          },
          "other": {
            "agree": 0,
            "disagree": 0.00425531914893617,
            "do not know": 0,
            "neither agree nor disagree": 0
          },
          "politics and government": {
            "agree": 0.127450980392157,
            "disagree": 0.323404255319149,
            "do not know": 0.25,
            "neither agree nor disagree": 0.05
          },
          "science and health": {
            "agree": 0.0392156862745098,
            "disagree": 0.0446808510638298,
            "do not know": 0,
            "neither agree nor disagree": 0.1
          },
          "social and legal": {
            "agree": 0.401960784313726,
            "disagree": 0.251063829787234,
            "do not know": 0.25,
            "neither agree nor disagree": 0.25
          }
        },
        "Europe": {
          "celebrity, arts and media, sports": {
            "agree": 0.170731707317073,
            "disagree": 0.115711854792967,
            "do not know": 0.0408163265306122,
            "neither agree nor disagree": 0.0413793103448276
          },
          "crime and violence": {
            "agree": 0.231707317073171,
            "disagree": 0.153715258082813,
            "do not know": 0.122448979591837,
            "neither agree nor disagree": 0.113793103448276
          },
          "economy": {
            "agree": 0.0426829268292683,
            "disagree": 0.116279069767442,
            "do not know": 0.0714285714285714,
            "neither agree nor disagree": 0.16551724137931
          },
          "other": {
            "agree": 0.00609756097560976,
            "disagree": 0.00510493477027794,
            "do not know": 0.0510204081632653,
            "neither agree nor disagree": 0.0172413793103448
          },
          "politics and government": {
            "agree": 0.176829268292683,
            "disagree": 0.284741917186614,
            "do not know": 0.23469387755102,
            "neither agree nor disagree": 0.220689655172414
          },
          "science and health": {
            "agree": 0.0487804878048781,
            "disagree": 0.053885422575156,
            "do not know": 0.0408163265306122,
            "neither agree nor disagree": 0.0517241379310345
          },
          "social and legal": {
            "agree": 0.323170731707317,
            "disagree": 0.270561542824731,
            "do not know": 0.438775510204082,
            "neither agree nor disagree": 0.389655172413793
          }
        },
        "Latin America": {
          "celebrity, arts and media, sports": {
            "agree": 0.185567010309278,
            "disagree": 0.122641509433962,
            "do not know": 0.0576923076923077,
            "neither agree nor disagree": 0.0823529411764706
          },
          "crime and violence": {
            "agree": 0.211340206185567,
            "disagree": 0.155660377358491,
            "do not know": 0.125,
            "neither agree nor disagree": 0.152941176470588
          },
          "economy": {
            "agree": 0.0360824742268041,
            "disagree": 0.116981132075472,
            "do not know": 0.0769230769230769,
            "neither agree nor disagree": 0.131764705882353
          },
          "other": {
            "agree": 0.00515463917525773,
            "disagree": 0.00424528301886792,
            "do not know": 0.0480769230769231,
            "neither agree nor disagree": 0.0117647058823529
          },
          "politics and government": {
            "agree": 0.180412371134021,
            "disagree": 0.27877358490566,
            "do not know": 0.221153846153846,
            "neither agree nor disagree": 0.207058823529412
          },
          "science and health": {
            "agree": 0.0515463917525773,
            "disagree": 0.0561320754716981,
            "do not know": 0.0384615384615385,
            "neither agree nor disagree": 0.0517647058823529
          },
          "social and legal": {
            "agree": 0.329896907216495,
            "disagree": 0.265566037735849,
            "do not know": 0.432692307692308,
            "neither agree nor disagree": 0.362352941176471
          }
        },
        "Middle East": {
          "celebrity, arts and media, sports": {
            "agree": 0.18407960199005,
            "disagree": 0.121171770972037,