{
  "global": {
    "13": {
      "2015": {
        "female": {
          "n": {
            "celebrity, arts and media, sports": 767,
            "crime and violence": 890,
            "economy": 945,
            "other": 142,
            "politics and government": 1447,
            "science and health": 600,
            "social and legal": 2006
          },
          "no": {
            "celebrity, arts and media, sports": 0.966101694915254,
            "crime and violence": 0.910112359550562,
            "economy": 0.928042328042328,
            "other": 0.992957746478873,
            "politics and government": 0.911541119557706,
            "science and health": 0.94,
            "social and legal": 0.876869391824526
          },
          "yes": {
            "celebrity, arts and media, sports": 0.0338983050847458,
            "crime and violence": 0.0898876404494382,
            "economy": 0.071957671957672,
            "other": 0.00704225352112676,
            "politics and government": 0.0884588804422944,
            "science and health": 0.06,
            "social and legal": 0.123130608175474
          }
        },
        "male": {
          "n": {
            "celebrity, arts and media, sports": 1058,
            "crime and violence": 1186,
            "economy": 1212,
            "other": 136,
            "politics and government": 1984,
            "science and health": 613,
            "social and legal": 2763
          },
          "no": {
            "celebrity, arts and media, sports": 0.964083175803403,
            "crime and violence": 0.926644182124789,
            "economy": 0.93976897689769,
            "other": 0.977941176470588,
            "politics and government": 0.902721774193548,
            "science and health": 0.947797716150082,
            "social and legal": 0.902642055736518
          },
          "yes": {
            "celebrity, arts and media, sports": 0.0359168241965974,
            "crime and violence": 0.0733558178752108,
            "economy": 0.0602310231023102,
            "other": 0.0220588235294118,
            "politics and government": 0.0972782258064516,
            "science and health": 0.0522022838499184,
            "social and legal": 0.0973579442634817
          }
        }
      }
    }
  }
}
