{
  "global": {
    "87": {
      "2015": {
        "female": {
          "do not know": {
            "%": {
              "africa": 0.046875,
              "asia": 0.0789022298456261,
              "caribbean": 0.0181818181818182,
              "europe": 0.0417023096663815,
              "latin america": 0.0268948655256724,
              "middle east": 0.0102564102564103,
              "north america": 0.0225872689938398,
              "pacific islands": 0.00261780104712042,
              "transnational": 0.0185185185185185
            },
            "n": {
              "africa": 6,
              "asia": 46,
              "caribbean": 2,
              "europe": 195,
              "latin america": 22,
              "middle east": 2,
              "north america": 11,
              "pacific islands": 1,
              "transnational": 5
            }
          },
          "no": {
            "%": {
              "africa": 0.765625,
              "asia": 0.521440823327616,
              "caribbean": 0.763636363636364,
              "europe": 0.71770744225834,
              "latin america": 0.636919315403423,
              "middle east": 0.528205128205128,
              "north america": 0.646817248459959,
              "pacific islands": 0.761780104712042,
              "transnational": 0.825925925925926
            },
            "n": {
              "africa": 98,
              "asia": 304,
              "caribbean": 84,
              "europe": 3356,
              "latin america": 521,
              "middle east": 103,
              "north america": 315,
              "pacific islands": 291,
              "transnational": 223
            }
          },
          "yes": {
            "%": {
              "africa": 0.1875,
              "asia": 0.399656946826758,
              "caribbean": 0.218181818181818,
              "europe": 0.240590248075278,
              "latin america": 0.336185819070905,
              "middle east": 0.461538461538462,
              "north america": 0.330595482546201,
              "pacific islands": 0.235602094240838,
              "transnational": 0.155555555555556
            },
            "n": {
              "africa": 24,
              "asia": 233,
              "caribbean": 24,
              "europe": 1125,
              "latin america": 275,
              "middle east": 90,
              "north america": 161,
              "pacific islands": 90,
              "transnational": 42
            }
          }
        },
        "male": {
          "do not know": {
            "%": {
              "africa": 0.046875,
              "asia": 0.0789022298456261,
              "caribbean": 0.0181818181818182,
              "europe": 0.0417023096663815,
              "latin america": 0.0268948655256724,
              "middle east": 0.0102564102564103,
              "north america": 0.0225872689938398,
              "pacific islands": 0.00261780104712042,
              "transnational": 0.0185185185185185
            },
            "n": {
              "africa": 6,
              "asia": 46,
              "caribbean": 2,
              "europe": 195,
              "latin america": 22,
              "middle east": 2,
              "north america": 11,
              "pacific islands": 1,
              "transnational": 5
            }
          },
          "no": {
            "%": {
              "africa": 0.765625,
              "asia": 0.521440823327616,
              "caribbean": 0.763636363636364,
              "europe": 0.71770744225834,
              "latin america": 0.636919315403423,
              "middle east": 0.528205128205128,
              "north america": 0.646817248459959,
              "pacific islands": 0.761780104712042,
              "transnational": 0.825925925925926
            },
            "n": {
              "africa": 98,
              "asia": 304,
              "caribbean": 84,
              "europe": 3356,
              "latin america": 521,
              "middle east": 103,
              "north america": 315,
              "pacific islands": 291,
              "transnational": 223
            }
          },
          "yes": {
            "%": {
              "africa": 0.1875,
              "asia": 0.399656946826758,
              "caribbean": 0.218181818181818,
              "europe": 0.240590248075278,
              "latin america": 0.336185819070905,
              "middle east": 0.461538461538462,
              "north america": 0.330595482546201,
              "pacific islands": 0.235602094240838,
              "transnational": 0.155555555555556
            },
            "n": {
              "africa": 24,
              "asia": 233,
              "caribbean": 24,
              "europe": 1125,
              "latin america": 275,
              "middle east": 90,
              "north america": 161,
              "pacific islands": 90,
              "transnational": 42
            }
          }
        }
      }
    }
  }
}