{
  "global": {
    "48": {
      "2015": {
        "female": {
          "agree": {
            "%": {
              "celebrity, arts and media, sports": 0.0490566037735849,
              "crime and violence": 0.0619195046439628,
              "economy": 0.069284064665127,
              "other": 0.0263157894736842,
              "politics and government": 0.0202952029520295,
              "science and health": 0.0505952380952381,
              "social and legal": 0.0746887966804979
            },
            "n": {
              "celebrity, arts and media, sports": 13,
              "crime and violence": 20,
              "economy": 30,
              "other": 1,
              "politics and government": 11,
              "science and health": 17,
              "social and legal": 72
            }
          },
          "disagree": {
            "%": {
              "celebrity, arts and media, sports": 0.716981132075472,
              "crime and violence": 0.671826625386997,
              "economy": 0.711316397228637,
              "other": 0.684210526315789,
              "politics and government": 0.760147601476015,
              "science and health": 0.732142857142857,
              "social and legal": 0.688796680497925
            },
            "n": {
              "celebrity, arts and media, sports": 190,
              "crime and violence": 217,
              "economy": 308,
              "other": 26,
              "politics and government": 412,
              "science and health": 246,
              "social and legal": 664
            }
          },
          "do not know": {
            "%": {
              "celebrity, arts and media, sports": 0.0716981132075472,
              "crime and violence": 0.0526315789473684,
              "economy": 0.0277136258660508,
              "other": 0.0789473684210526,
              "politics and government": 0.040590405904059,
              "science and health": 0.0357142857142857,
              "social and legal": 0.0321576763485477
            },
            "n": {
              "celebrity, arts and media, sports": 19,
              "crime and violence": 17,
              "economy": 12,
              "other": 3,
              "politics and government": 22,
              "science and health": 12,
              "social and legal": 31
            }
          },
          "neither agree nor disagree": {
            "%": {
              "celebrity, arts and media, sports": 0.162264150943396,
              "crime and violence": 0.213622291021672,
              "economy": 0.191685912240185,
              "other": 0.210526315789474,
              "politics and government": 0.178966789667897,
              "science and health": 0.181547619047619,
              "social and legal": 0.204356846473029
            },
            "n": {
              "celebrity, arts and media, sports": 43,
              "crime and violence": 69,
              "economy": 83,
              "other": 8,
              "politics and government": 97,
              "science and health": 61,
              "social and legal": 197
            }
          }
        },
        "male": {
          "agree": {
            "%": {
              "celebrity, arts and media, sports": 0.0195694716242661,
              "crime and violence": 0.0463678516228748,
              "economy": 0.024745269286754,
              "other": 0.0222222222222222,
              "politics and government": 0.0365335598980459,
              "science and health": 0.0473372781065089,
              "social and legal": 0.0287581699346405
            },
            "n": {
              "celebrity, arts and media, sports": 10,
              "crime and violence": 30,
              "economy": 17,
              "other": 1,
              "politics and government": 43,
              "science and health": 16,
              "social and legal": 44
            }
          },
          "disagree": {
            "%": {
              "celebrity, arts and media, sports": 0.794520547945205,
              "crime and violence": 0.771251931993818,
              "economy": 0.818049490538573,
              "other": 0.755555555555556,
              "politics and government": 0.78249787595582,
              "science and health": 0.769230769230769,
              "social and legal": 0.700653594771242
            },
            "n": {
              "celebrity, arts and media, sports": 406,
              "crime and violence": 499,
              "economy": 562,
              "other": 34,
              "politics and government": 921,
              "science and health": 260,
              "social and legal": 1072
            }
          },
          "do not know": {
            "%": {
              "celebrity, arts and media, sports": 0.0234833659491194,
              "crime and violence": 0.089644513137558,
              "economy": 0.0203784570596798,
              "other": 0.0666666666666667,
              "politics and government": 0.0407816482582838,
              "science and health": 0.0266272189349112,
              "social and legal": 0.0215686274509804
            },
            "n": {
              "celebrity, arts and media, sports": 12,
              "crime and violence": 58,
              "economy": 14,
              "other": 3,
              "politics and government": 48,
              "science and health": 9,
              "social and legal": 33
            }
          },
          "neither agree nor disagree": {
            "%": {
              "celebrity, arts and media, sports": 0.162426614481409,
              "crime and violence": 0.0927357032457496,
              "economy": 0.136826783114993,
              "other": 0.155555555555556,
              "politics and government": 0.14018691588785,
              "science and health": 0.156804733727811,
              "social and legal": 0.249019607843137
            },
            "n": {
              "celebrity, arts and media, sports": 83,
              "crime and violence": 60,
              "economy": 94,
              "other": 7,
              "politics and government": 165,
              "science and health": 53,
              "social and legal": 381
            }
          }
        }
      }
    }
  }
}
