{
  "global": {
    "90": {
      "2015": {
        "female": {
          "no": {
            "%": {
              "africa": 0.1796875,
              "asia": 0.564322469982847,
              "caribbean": 0.522935779816514,
              "europe": 0.468562874251497,
              "latin america": 0.400244798041616,
              "middle east": 0.505102040816326,
              "north america": 0.394250513347023,
              "pacific islands": 0.501305483028721,
              "transnational": 0.444444444444444
            },
            "n": {
              "africa": 23,
              "asia": 329,
              "caribbean": 57,
              "europe": 2191,
              "latin america": 327,
              "middle east": 99,
              "north america": 192,
              "pacific islands": 192,
              "transnational": 120
            }
          },
          "yes": {
            "%": {
              "africa": 0.8203125,
              "asia": 0.435677530017153,
              "caribbean": 0.477064220183486,
              "europe": 0.531437125748503,
              "latin america": 0.599755201958384,
              "middle east": 0.494897959183673,
              "north america": 0.605749486652977,
              "pacific islands": 0.498694516971279,
              "transnational": 0.555555555555556
            },
            "n": {
              "africa": 105,
              "asia": 254,
              "caribbean": 52,
              "europe": 2485,
              "latin america": 490,
              "middle east": 97,
              "north america": 295,
              "pacific islands": 191,
              "transnational": 150
            }
          }
        },
        "male": {
          "no": {
            "%": {
              "africa": 0.1796875,
              "asia": 0.564322469982847,
              "caribbean": 0.522935779816514,
              "europe": 0.468562874251497,
              "latin america": 0.400244798041616,
              "middle east": 0.505102040816326,
              "north america": 0.394250513347023,
              "pacific islands": 0.501305483028721,
              "transnational": 0.444444444444444
            },
            "n": {
              "africa": 23,
              "asia": 329,
              "caribbean": 57,
              "europe": 2191,
              "latin america": 327,
              "middle east": 99,
              "north america": 192,
              "pacific islands": 192,
              "transnational": 120
            }
          },
          "yes": {
            "%": {
              "africa": 0.8203125,
              "asia": 0.435677530017153,
              "caribbean": 0.477064220183486,
              "europe": 0.531437125748503,
              "latin america": 0.599755201958384,
              "middle east": 0.494897959183673,
              "north america": 0.605749486652977,
              "pacific islands": 0.498694516971279,
              "transnational": 0.555555555555556
            },
            "n": {
              "africa": 105,
              "asia": 254,
              "caribbean": 52,
              "europe": 2485,
              "latin america": 490,
              "middle east": 97,
              "north america": 295,
              "pacific islands": 191,
              "transnational": 150
            }
          }
        }
      }
    }
  }
}