{
  "global": {
    "1": {
      "2010": {
        "n": {
          "africa": 217,
          "asia": 698,
          "caribbean": 87,
          "europe": 684,
          "latin america": 243,
          "middle east": 81
        },
        "print": {
          "africa": 0.44,
          "asia": 0.49,
          "caribbean": 0.34,
          "europe": 0.64,
          "latin america": 0.44,
          "middle east": 0.34
        },
        "radio": {
          "africa": 0.32,
          "asia": 0.16,
          "caribbean": 0.38,
          "europe": 0.19,
          "latin america": 0.26,
          "middle east": 0.35
        },
        "television": {
          "africa": 0.24,
          "asia": 0.36,
          "caribbean": 0.28,
          "europe": 0.17,
          "latin america": 0.3,
          "middle east": 0.31
        }
      },
      "2015": {
        "internet": {
          "africa": 0.443478260869565,
          "asia": 0.858472998137803,
          "caribbean": 0.142857142857143,
          "europe": 0.468647764449291,
          "latin america": 0.335234474017744,
          "middle east": 1,
          "north america": 0.6375,
          "pacific islands": 0.295454545454545
        },
        "n_digital": {
          "africa": 230,
          "asia": 537,
          "caribbean": 231,
          "europe": 3668,
          "latin america": 1578,
          "middle east": 139,
          "north america": 400,
          "pacific islands": 264
        },
        "n_traditional": {
          "africa": 1519,
          "asia": 4347,
          "caribbean": 413,
          "europe": 4976,
          "latin america": 1725,
          "middle east": 641,
          "north america": 1222,
          "pacific islands": 359
        },
        "print": {
          "africa": 0.393680052666228,
          "asia": 0.559696342305038,
          "caribbean": 0.656174334140436,
          "europe": 0.494573954983923,
          "latin america": 0.284057971014493,
          "middle east": 0.27613104524181,
          "north america": 0.556464811783961,
          "pacific islands": 0.406685236768802
        },
        "radio": {
          "africa": 0.341672152732061,
          "asia": 0.0791350356567748,
          "caribbean": 0.196125907990315,
          "europe": 0.241961414790997,
          "latin america": 0.357101449275362,
          "middle east": 0.308892355694228,
          "north america": 0.0515548281505728,
          "pacific islands": 0.16991643454039
        },
        "television": {
          "africa": 0.264647794601712,
          "asia": 0.361168622038187,
          "caribbean": 0.147699757869249,
          "europe": 0.26346463022508,
          "latin america": 0.358840579710145,
          "middle east": 0.414976599063963,
          "north america": 0.391980360065466,
          "pacific islands": 0.423398328690808
        },
        "twitter": {
          "africa": 0.556521739130435,
          "asia": 0.141527001862197,
          "caribbean": 0.857142857142857,
          "europe": 0.531352235550709,
          "latin america": 0.664765525982256,
          "middle east": 0,
          "north america": 0.3625,
          "pacific islands": 0.704545454545455
        }
      }
    }
  }
}