{
  "global": {
    "1": {
      "2010": {
        "n": {
          "africa": 217,
          "asia": 698,
          "caribbean": 87,
          "europe": 684,
          "latin america": 243,
          "middle east": 81,
          "north america": 33,
          "pacific islands": 55
        },
        "print": {
          "africa": 0.44,
          "asia": 0.49,
          "caribbean": 0.34,
          "europe": 0.64,
          "latin america": 0.44,
          "middle east": 0.34,
          "north america": 0.83,
          "pacific islands": 0.43
        },
        "radio": {
          "africa": 0.32,
          "asia": 0.16,
          "caribbean": 0.38,
          "europe": 0.19,
          "latin america": 0.26,
          "middle east": 0.35,
          "north america": 0.05,
          "pacific islands": 0.3
        },
        "television": {
          "africa": 0.24,
          "asia": 0.36,
          "caribbean": 0.28,
          "europe": 0.17,
          "latin america": 0.3,
          "middle east": 0.31,
          "north america": 0.12,
          "pacific islands": 0.27
        }
      },
      "2015": {
        "internet": {
          "africa": 0.443478260869565,
          "asia": 0.858472998137803,
          "caribbean": 0.142857142857143,
          "europe": 0.468647764449291,
          "latin america": 0.335234474017744,
          "middle east": 1,
          "north america": 0.6375,
          "pacific islands": 0.295454545454545
        },
        "n_digital": {
          "africa": 230,
          "asia": 537,
          "caribbean": 231,
          "europe": 3668,
          "latin america": 1578,
          "middle east": 139,
          "north america": 400,
          "pacific islands": 264
        },
        "n_traditional": {
          "africa": 1519,
          "asia": 4347,
          "caribbean": 413,
          "europe": 4976,
          "latin america": 1725,
          "middle east": 641,
          "north america": 1222,
          "pacific islands": 359
        },
        "print": {
          "africa": 0.393680052666228,
          "asia": 0.559696342305038,
          "caribbean": 0.656174334140436,
          "europe": 0.494573954983923,
          "latin america": 0.284057971014493,
          "middle east": 0.27613104524181,
          "north america": 0.556464811783961,
          "pacific islands": 0.406685236768802
        },
        "radio": {
          "africa": 0.341672152732061,
          "asia": 0.0791350356567748,
          "caribbean": 0.196125907990315,
          "europe": 0.241961414790997,
          "latin america": 0.357101449275362,
          "middle east": 0.308892355694228,
          "north america": 0.0515548281505728,
          "pacific islands": 0.16991643454039
        },
        "television": {
          "africa": 0.264647794601712,
          "asia": 0.361168622038187,
          "caribbean": 0.147699757869249,
          "europe": 0.26346463022508,
          "latin america": 0.358840579710145,
          "middle east": 0.414976599063963,
          "north america": 0.391980360065466,
          "pacific islands": 0.423398328690808
        },
        "twitter": {
          "africa": 0.556521739130435,
          "asia": 0.141527001862197,
          "caribbean": 0.857142857142857,
          "europe": 0.531352235550709,
          "latin america": 0.664765525982256,
          "middle east": 0,
          "north america": 0.3625,
          "pacific islands": 0.704545454545455
        }
      }
    },
    "3": {
      "2010": {
        "print": {
          "africa": 77,
          "asia": 96,
          "caribbean": 28,
          "europe": 186,
          "latin america": 65,
          "middle east": 26,
          "north america": 21,
          "pacific islands": 20
        },
        "radio": {
          "africa": 57,
          "asia": 64,
          "caribbean": 35,
          "europe": 157,
          "latin america": 40,
          "middle east": 34,
          "north america": 5,
          "pacific islands": 21
        },
        "television": {
          "africa": 41,
          "asia": 69,
          "caribbean": 24,
          "europe": 132,
          "latin america": 41,
          "middle east": 21,
          "north america": 7,
          "pacific islands": 14
        }
      },
      "2015": {
        "internet": {
          "africa": 21,
          "asia": 32,
          "caribbean": 19,
          "europe": 149,
          "latin america": 53,
          "middle east": 13,
          "north america": 12,
          "pacific islands": 7
        },
        "print": {
          "africa": 142,
          "asia": 75,
          "caribbean": 56,
          "europe": 211,
          "latin america": 98,
          "middle east": 30,
          "north america": 28,
          "pacific islands": 22
        },
        "radio": {
          "africa": 98,
          "asia": 30,
          "caribbean": 41,
          "europe": 117,
          "latin america": 68,
          "middle east": 21,
          "north america": 3,
          "pacific islands": 14
        },
        "television": {
          "africa": 63,
          "asia": 52,
          "caribbean": 29,
          "europe": 122,
          "latin america": 66,
          "middle east": 24,
          "north america": 13,
          "pacific islands": 11
        },
        "twitter": {
          "africa": 9,
          "asia": 5,
          "caribbean": 20,
          "europe": 145,
          "latin america": 81,
          "middle east": 0,
          "north america": 10,
          "pacific islands": 15
        }
      }
    },
    "5": {
      "1995": {
        "female": {
          "celebrity, arts and media, sports": 0,
          "crime and violence": 0,
          "economy": 0,
          "other": 0,
          "politics and government": 0,
          "science and health": 0,
          "social and legal": 0
        }
      },
      "2000": {
        "female": {
          "celebrity, arts and media, sports": 0.23,
          "crime and violence": 0.18,
          "economy": 0.18,
          "other": "n/a",
          "politics and government": 0.12,
          "science and health": 0.21,
          "social and legal": 0.21
        }
      },
      "2005": {
        "female": {
          "celebrity, arts and media, sports": 0.28,
          "crime and violence": 0.22,
          "economy": 0.2,
          "other": "n/a",
          "politics and government": 0.14,
          "science and health": 0.22,
          "social and legal": 0.28
        }
      },
      "2010": {
        "female": {
          "celebrity, arts and media, sports": 0.26,
          "crime and violence": 0.24,
          "economy": 0.2,
          "other": 0.38,
          "politics and government": 0.19,
          "science and health": 0.32,
          "social and legal": 0.3
        },
        "n": {
          "celebrity, arts and media, sports": 836,
          "crime and violence": 1740,
          "economy": 971,
          "other": 142,
          "politics and government": 1794,
          "science and health": 972,
          "social and legal": 1216
        }
      },
      "2015": {
        "internet, twitter": {
          "female": {
            "celebrity, arts and media, sports": 0.264462809917355,
            "crime and violence": 0.284408602150538,
            "economy": 0.238571428571429,
            "other": 0.283783783783784,
            "politics and government": 0.186261558784676,
            "science and health": 0.425257731958763,
            "social and legal": 0.298821849339522
          },
          "male": {
            "celebrity, arts and media, sports": 0.735537190082645,
            "crime and violence": 0.715591397849462,
            "economy": 0.761428571428571,
            "other": 0.716216216216216,
            "politics and government": 0.813738441215324,
            "science and health": 0.574742268041237,
            "social and legal": 0.701178150660478
          },
          "n": {
            "celebrity, arts and media, sports": 1331,